<?xml version="1.0" encoding="UTF-8"?>
<project-private xmlns="http://www.netbeans.org/ns/project-private/1">
    <editor-bookmarks xmlns="http://www.netbeans.org/ns/editor-bookmarks/2" lastBookmarkId="0"/>
    <open-files xmlns="http://www.netbeans.org/ns/projectui-open-files/2">
        <group>
            <file>file:/Users/arareth/Desktop/Filtre_code_mplab/Software/ADC/deplacement.X/regulation.h</file>
            <file>file:/Users/arareth/Desktop/Filtre_code_mplab/Software/ADC/deplacement.X/main.c</file>
            <file>file:/Users/arareth/Desktop/Filtre_code_mplab/Software/ADC/deplacement.X/regulation.c</file>
        </group>
    </open-files>
</project-private>
